club_name,player_name,age,position,club_involved_name,fee,transfer_movement,nat,fee_cleaned,league_name,year,season
Deportivo de La Coruña,Roy Makaay,24,Centre-Forward,CD Tenerife,£7.74m,in,Netherlands;,7.74,Primera Division,1999,1999/2000
Deportivo de La Coruña,Víctor Sánchez,23,Right Winger,Racing,£6.84m,in,Spain;,6.84,Primera Division,1999,1999/2000
Deportivo de La Coruña,César Martín,22,Centre-Back,Real Oviedo,£6.66m,in,Spain;,6.66,Primera Division,1999,1999/2000
Deportivo de La Coruña,Jaime,26,Defensive Midfield,Real Madrid,£2.25m,in,Spain;,2.25,Primera Division,1999,1999/2000
Deportivo de La Coruña,Slavisa Jokanovic,30,Defensive Midfield,CD Tenerife,?,in,Serbia;Spain;,NA,Primera Division,1999,1999/2000
Deportivo de La Coruña,Iván Pérez,23,Centre-Forward,G. Bordeaux,?,in,Spain;,NA,Primera Division,1999,1999/2000
Deportivo de La Coruña,Manel,28,Right-Back,Real Oviedo,?,in,Spain;,NA,Primera Division,1999,1999/2000
Deportivo de La Coruña,Fernando,27,Left Midfield,Real Betis,?,in,Spain;,NA,Primera Division,1999,1999/2000
Deportivo de La Coruña,David Fernández,23,Attacking Midfield,Unknown,?,in,Spain;,NA,Primera Division,1999,1999/2000
Deportivo de La Coruña,José Manuel,25,Right Midfield,Sporting Gijón,?,in,Spain;,NA,Primera Division,1999,1999/2000
Deportivo de La Coruña,Sebastián Abreu,22,Centre-Forward,Grêmio,"End of loanJun 30, 1999",in,Uruguay;,0,Primera Division,1999,1999/2000
Deportivo de La Coruña,Maikel,23,Forward,CD Toledo,"End of loanJun 30, 1999",in,Spain;Germany;,0,Primera Division,1999,1999/2000
Deportivo de La Coruña,Stéphane Ziani,27,Attacking Midfield,G. Bordeaux,£6.35m,out,France;Algeria;,6.35,Primera Division,1999,1999/2000
Deportivo de La Coruña,Jérôme Bonnissel,25,Left-Back,G. Bordeaux,£6.35m,out,France;,6.35,Primera Division,1999,1999/2000
Deportivo de La Coruña,Mustapha Hadji,28,Attacking Midfield,Coventry,£5.40m,out,Morocco;France;,5.4,Primera Division,1999,1999/2000
Deportivo de La Coruña,Gerardo Seoane,21,Centre-Back,AC Bellinzona,Loan,out,Switzerland;Spain;,0,Primera Division,1999,1999/2000
Deportivo de La Coruña,Javier Manjarín,29,Second Striker,Racing,?,out,Spain;,NA,Primera Division,1999,1999/2000
Deportivo de La Coruña,Sergio Martínez,30,Forward,Nacional,?,out,Uruguay;,NA,Primera Division,1999,1999/2000
Deportivo de La Coruña,Maikel,23,Forward,Xerez CD,?,out,Spain;Germany;,NA,Primera Division,1999,1999/2000
Deportivo de La Coruña,Armando,28,Right-Back,RCD Mallorca,?,out,Spain;,NA,Primera Division,1999,1999/2000
Deportivo de La Coruña,Hélder Cristóvão,28,Centre-Back,Newcastle,Loan,out,Portugal;Angola;,0,Primera Division,1999,1999/2000
Deportivo de La Coruña,Peter Rufai,35,Goalkeeper,Gil Vicente,?,out,Nigeria;,NA,Primera Division,1999,1999/2000
Deportivo de La Coruña,Sebastián Abreu,22,Centre-Forward,UAG Tecos,Loan,out,Uruguay;,0,Primera Division,1999,1999/2000
FC Barcelona,Dani García,24,Centre-Forward,RCD Mallorca,£13.50m,in,Spain;,13.5,Primera Division,1999,1999/2000
FC Barcelona,Jari Litmanen,28,Attacking Midfield,Ajax,£3.60m,in,Finland;,3.6,Primera Division,1999,1999/2000
FC Barcelona,Simão,19,Left Winger,Sporting CP,£2.70m,in,Portugal;,2.7,Primera Division,1999,1999/2000
FC Barcelona,Frédéric Déhu,26,Centre-Back,Lens,Free transfer,in,France;,NA,Primera Division,1999,1999/2000
FC Barcelona,Nano,17,Centre-Back,FC Barcelona B,-,in,Spain;,0,Primera Division,1999,1999/2000
FC Barcelona,Gabri,20,Defensive Midfield,FC Barcelona B,-,in,Spain;,0,Primera Division,1999,1999/2000
FC Barcelona,Carles Puyol,21,Centre-Back,FC Barcelona B,-,in,Spain;,0,Primera Division,1999,1999/2000
FC Barcelona,Francesc Arnau,24,Goalkeeper,FC Barcelona B,-,in,Spain;,0,Primera Division,1999,1999/2000
FC Barcelona,Luis García,21,Right Winger,Real Valladolid,"End of loanJun 30, 1999",in,Spain;,0,Primera Division,1999,1999/2000
FC Barcelona,Toni Velamazán,22,Right Midfield,Albacete,"End of loanJun 30, 1999",in,Spain;,0,Primera Division,1999,1999/2000
FC Barcelona,Sonny Anderson,28,Centre-Forward,Olympique Lyon,£17.10m,out,Brazil;,17.1,Primera Division,1999,1999/2000
FC Barcelona,Giovanni,27,Centre-Forward,Olympiacos,£10.80m,out,Brazil;,10.8,Primera Division,1999,1999/2000
FC Barcelona,Roger García,22,Left Midfield,Espanyol,£2.43m,out,Spain;,2.43,Primera Division,1999,1999/2000
FC Barcelona,Albert Celades,23,Defensive Midfield,Celta de Vigo,£1.53m,out,Spain;Andorra;,1.53,Primera Division,1999,1999/2000
FC Barcelona,Mauricio Pellegrino,27,Centre-Back,Vélez Sarsfield,"End of loanJul 1, 1999",out,Argentina;Italy;,0,Primera Division,1999,1999/2000
FC Barcelona,Toni Velamazán,22,Right Midfield,Espanyol,£90k,out,Spain;,0.09,Primera Division,1999,1999/2000
FC Barcelona,Miguel Ángel Nadal,32,Centre-Back,RCD Mallorca,Free transfer,out,Spain;,NA,Primera Division,1999,1999/2000
FC Barcelona,Luis García,21,Right Winger,CD Toledo,Loan,out,Spain;,0,Primera Division,1999,1999/2000
FC Barcelona,Óscar García,26,Attacking Midfield,Valencia,Free transfer,out,Spain;,NA,Primera Division,1999,1999/2000
FC Barcelona,Samuel Okunowo,20,Right-Back,Benfica,Loan,out,Nigeria;,0,Primera Division,1999,1999/2000
FC Barcelona,Carles Busquets,31,Goalkeeper,UE Lleida,?,out,Spain;,NA,Primera Division,1999,1999/2000
FC Barcelona,Dragan Ciric,24,Attacking Midfield,AEK Athens,Loan,out,Serbia;,0,Primera Division,1999,1999/2000
Valencia CF,Rubén Baraja,23,Central Midfield,Atlético Madrid,£9.72m,in,Spain;,9.72,Primera Division,1999,1999/2000
Valencia CF,Kily González,24,Left Midfield,Real Zaragoza,£2.25m,in,Argentina;Spain;,2.25,Primera Division,1999,1999/2000
Valencia CF,Daniel Fernando Fagiani,25,Left-Back,Newell's,£1.62m,in,Argentina;,1.62,Primera Division,1999,1999/2000
Valencia CF,Mauricio Pellegrino,27,Centre-Back,Vélez Sarsfield,£1.08m,in,Argentina;Italy;,1.08,Primera Division,1999,1999/2000
Valencia CF,Juan Sánchez,27,Centre-Forward,Celta de Vigo,£720k,in,Spain;,0.72,Primera Division,1999,1999/2000
Valencia CF,Óscar García,26,Attacking Midfield,FC Barcelona,Free transfer,in,Spain;,NA,Primera Division,1999,1999/2000
Valencia CF,Andrés Palop,25,Goalkeeper,Villarreal,Free transfer,in,Spain;,NA,Primera Division,1999,1999/2000
Valencia CF,Gerardo,24,Right-Back,Villarreal,?,in,Spain;,NA,Primera Division,1999,1999/2000
Valencia CF,Curro Torres,22,Right-Back,Valencia B,-,in,Spain;Germany;,0,Primera Division,1999,1999/2000
Valencia CF,Líbero Parri,17,Attacking Midfield,Valencia B,-,in,Spain;,0,Primera Division,1999,1999/2000
Valencia CF,David Albelda,21,Defensive Midfield,Villarreal,"End of loanJun 30, 1999",in,Spain;,0,Primera Division,1999,1999/2000
Valencia CF,Óscar Téllez,24,Centre-Back,Villarreal,"End of loanJun 30, 1999",in,Spain;,0,Primera Division,1999,1999/2000
Valencia CF,Gerard López,20,Central Midfield,Alavés,"End of loanJun 30, 1999",in,Spain;,0,Primera Division,1999,1999/2000
Valencia CF,Stefan Schwarz,30,Central Midfield,Sunderland,£5.40m,out,Sweden;,5.4,Primera Division,1999,1999/2000
Valencia CF,Juanfran,22,Left-Back,Celta de Vigo,£1.80m,out,Spain;,1.8,Primera Division,1999,1999/2000
Valencia CF,Dennis Serban,23,Central Midfield,Villarreal,Loan,out,Romania;,0,Primera Division,1999,1999/2000
Valencia CF,Curro Torres,22,Right-Back,Recr. Huelva,Loan,out,Spain;Germany;,0,Primera Division,1999,1999/2000
Valencia CF,Líbero Parri,17,Attacking Midfield,Villarreal,Loan,out,Spain;,0,Primera Division,1999,1999/2000
Valencia CF,Rubén Navarro,20,Centre-Forward,CD Numancia,?,out,Spain;,NA,Primera Division,1999,1999/2000
Valencia CF,Guillermo Morigi,25,Left Midfield,Vélez Sarsfield,?,out,Argentina;,NA,Primera Division,1999,1999/2000
Valencia CF,Cristiano Lucarelli,23,Centre-Forward,Lecce,?,out,Italy;,NA,Primera Division,1999,1999/2000
Valencia CF,Óscar Téllez,24,Centre-Back,Alavés,?,out,Spain;,NA,Primera Division,1999,1999/2000
Valencia CF,Gabriel Popescu,25,Attacking Midfield,CD Numancia,?,out,Romania;,NA,Primera Division,1999,1999/2000
Real Zaragoza,Martín Vellisca,27,Left Midfield,UD Salamanca,?,in,Spain;,NA,Primera Division,1999,1999/2000
Real Zaragoza,Marco Lanna,30,Centre-Back,UD Salamanca,?,in,Italy;,NA,Primera Division,1999,1999/2000
Real Zaragoza,César Laínez,22,Goalkeeper,Villarreal,?,in,Spain;,NA,Primera Division,1999,1999/2000
Real Zaragoza,Vladislav Radimov,24,Central Midfield,Dinamo Moscow,"End of loanDec 1, 1999",in,Russia;,0,Primera Division,1999,1999/2000
Real Zaragoza,Kily González,24,Left Midfield,Valencia,£2.25m,out,Argentina;Spain;,2.25,Primera Division,1999,1999/2000
Real Zaragoza,Nordin Wooter,22,Right Winger,Watford,£1.26m,out,Netherlands;Suriname;,1.26,Primera Division,1999,1999/2000
Real Zaragoza,Javi Peña,26,Centre-Forward,UE Lleida,Free transfer,out,Spain;,NA,Primera Division,1999,1999/2000
Real Zaragoza,Gustavo López,26,Left Winger,Celta de Vigo,?,out,Argentina;Spain;,NA,Primera Division,1999,1999/2000
Real Zaragoza,Faryd Mondragón,28,Goalkeeper,Independiente,"End of loanJun 30, 1999",out,Colombia;Lebanon;,0,Primera Division,1999,1999/2000
Real Madrid,Nicolas Anelka,20,Centre-Forward,Arsenal,£31.50m,in,France;Martinique;,31.5,Primera Division,1999,1999/2000
Real Madrid,Elvir Baljic,30,Left Winger,Fenerbahce,£18.90m,in,Bosnia-Herzegovina;Turkey;,18.9,Primera Division,1999,1999/2000
Real Madrid,Perica Ognjenovic,22,Right Winger,Red Star,£7.20m,in,Serbia;,7.2,Primera Division,1999,1999/2000
Real Madrid,Míchel Salgado,23,Right-Back,Celta de Vigo,£5.40m,in,Spain;,5.4,Primera Division,1999,1999/2000
Real Madrid,Njitap Geremi,20,Right Midfield,Genclerbirligi,£4.50m,in,Cameroon;,4.5,Primera Division,1999,1999/2000
Real Madrid,Iván Helguera,24,Centre-Back,Espanyol,£2.25m,in,Spain;,2.25,Primera Division,1999,1999/2000
Real Madrid,Steve McManaman,27,Left Midfield,Liverpool,Free transfer,in,England;,NA,Primera Division,1999,1999/2000
Real Madrid,Júlio César,20,Centre-Back,Real Valladolid,Free transfer,in,Brazil;Spain;,NA,Primera Division,1999,1999/2000
Real Madrid,Albano Bizzarri,21,Goalkeeper,Racing Club,?,in,Argentina;Italy;,NA,Primera Division,1999,1999/2000
Real Madrid,José Manuel Meca,21,Centre-Forward,CyD Leonesa,?,in,Spain;,NA,Primera Division,1999,1999/2000
Real Madrid,Edwin Congo,22,Centre-Forward,Once Caldas,?,in,Colombia;Spain;,NA,Primera Division,1999,1999/2000
Real Madrid,Fernando,20,Attacking Midfield,Real Madrid B,-,in,Spain;,0,Primera Division,1999,1999/2000
Real Madrid,Alberto Rivera,21,Central Midfield,Real Madrid B,-,in,Spain;,0,Primera Division,1999,1999/2000
Real Madrid,Iker Casillas,18,Goalkeeper,Real Madrid B,-,in,Spain;,0,Primera Division,1999,1999/2000
Real Madrid,David Aganzo,18,Centre-Forward,Real Madrid C,-,in,Spain;,0,Primera Division,1999,1999/2000
Real Madrid,Samuel Eto'o,18,Centre-Forward,Espanyol,"End of loanJun 30, 1999",in,Cameroon;Spain;,0,Primera Division,1999,1999/2000
Real Madrid,Manuel Canabal,24,Centre-Forward,Alavés,"End of loanJun 30, 1999",in,Spain;,0,Primera Division,1999,1999/2000
Real Madrid,Clarence Seedorf,23,Central Midfield,Inter,£21.61m,out,Netherlands;Suriname;,21.61,Primera Division,1999,1999/2000
Real Madrid,Predrag Mijatović,30,Centre-Forward,Fiorentina,£10.80m,out,Montenegro;Serbia;,10.8,Primera Division,1999,1999/2000
Real Madrid,Christian Panucci,26,Right-Back,Inter,£8.37m,out,Italy;,8.37,Primera Division,1999,1999/2000
Real Madrid,Davor Suker,31,Centre-Forward,Arsenal,£4.86m,out,Croatia;,4.86,Primera Division,1999,1999/2000
Real Madrid,Samuel Eto'o,18,Centre-Forward,RCD Mallorca,£4.05m,out,Cameroon;Spain;,4.05,Primera Division,1999,1999/2000
Real Madrid,Jaime,26,Defensive Midfield,Dep. La Coruña,£2.25m,out,Spain;,2.25,Primera Division,1999,1999/2000
Real Madrid,Roberto Rojas,24,Right-Back,Málaga CF,Free transfer,out,Spain;,NA,Primera Division,1999,1999/2000
Real Madrid,Rodrigo Fabri,23,Central Midfield,Real Valladolid,Free transfer,out,Brazil;Portugal;,NA,Primera Division,1999,1999/2000
Real Madrid,Manuel Tena,21,Centre-Back,Real Valladolid,Free transfer,out,Spain;,NA,Primera Division,1999,1999/2000
Real Madrid,Alberto Rivera,21,Central Midfield,CD Numancia,Loan,out,Spain;,0,Primera Division,1999,1999/2000
Real Madrid,Javi Jiménez,23,Defensive Midfield,Getafe,?,out,Spain;,NA,Primera Division,1999,1999/2000
Real Madrid,Pedro Contreras,27,Goalkeeper,Málaga CF,?,out,Spain;,NA,Primera Division,1999,1999/2000
Real Madrid,Manuel Canabal,24,Centre-Forward,Rayo Vallecano,Loan,out,Spain;,0,Primera Division,1999,1999/2000
Real Madrid,Robert Jarni,30,Left-Back,UD Las Palmas,?,out,Croatia;,NA,Primera Division,1999,1999/2000
Real Madrid,Edwin Congo,22,Centre-Forward,Real Valladolid,Loan,out,Colombia;Spain;,0,Primera Division,1999,1999/2000
Real Madrid,Fernando Sanz,25,Centre-Back,Málaga CF,?,out,Spain;,NA,Primera Division,1999,1999/2000
Real Madrid,Tote,20,Attacking Midfield,Benfica,Loan,out,Spain;,0,Primera Division,1999,1999/2000
Deportivo Alavés,Cosmin Contra,23,Right-Back,Dinamo Bukarest,£1.62m,in,Romania;Spain;,1.62,Primera Division,1999,1999/2000
Deportivo Alavés,Jurica Vucko,22,Centre-Forward,Hajduk Split,£225k,in,Croatia;,0.225,Primera Division,1999,1999/2000
Deportivo Alavés,Dan Eggen,29,Centre-Back,Celta de Vigo,Free transfer,in,Norway;,NA,Primera Division,1999,1999/2000
Deportivo Alavés,Àngel Morales,23,Defensive Midfield,Hércules CF,?,in,Spain;,NA,Primera Division,1999,1999/2000
Deportivo Alavés,Nan Ribera,24,Midfielder,Espanyol,Loan,in,Spain;,0,Primera Division,1999,1999/2000
Deportivo Alavés,Raúl Gañán,24,Right-Back,CD Badajoz,?,in,Spain;,NA,Primera Division,1999,1999/2000
Deportivo Alavés,Víctor Torres Mestre,28,Left-Back,G. Bordeaux,?,in,Spain;,NA,Primera Division,1999,1999/2000
Deportivo Alavés,Óscar Téllez,24,Centre-Back,Valencia,?,in,Spain;,NA,Primera Division,1999,1999/2000
Deportivo Alavés,Meho Kodro,32,Centre-Forward,CD Tenerife,?,in,Bosnia-Herzegovina;Spain;,NA,Primera Division,1999,1999/2000
Deportivo Alavés,Martín Herrera,28,Goalkeeper,Ferro,?,in,Argentina;,NA,Primera Division,1999,1999/2000
Deportivo Alavés,Martín Astudillo,21,Central Midfield,Gimnasia (J),?,in,Argentina;Italy;,NA,Primera Division,1999,1999/2000
Deportivo Alavés,Alberto Belsué,31,Right-Back,CD Numancia,Free transfer,out,Spain;,NA,Primera Division,1999,1999/2000
Deportivo Alavés,Sívori,22,Centre-Forward,Athletic,?,out,Spain;,NA,Primera Division,1999,1999/2000
Deportivo Alavés,Iván Rocha,30,Left-Back,CD Numancia,?,out,Brazil;,NA,Primera Division,1999,1999/2000
Deportivo Alavés,Nicola Berti,32,Central Midfield,Northern Spirit,?,out,Italy;,NA,Primera Division,1999,1999/2000
Deportivo Alavés,Iñaki Berruet,26,Centre-Back,Villarreal,?,out,Spain;,NA,Primera Division,1999,1999/2000
Deportivo Alavés,Tito,29,Goalkeeper,CD Leganés,?,out,Spain;,NA,Primera Division,1999,1999/2000
Deportivo Alavés,Alfonso Vera,25,Midfielder,CA Osasuna,?,out,Spain;,NA,Primera Division,1999,1999/2000
Deportivo Alavés,Alberto Albistegi,34,Centre-Back,Retired,-,out,Spain;,0,Primera Division,1999,1999/2000
Deportivo Alavés,Gerard López,20,Central Midfield,Valencia,"End of loanJun 30, 1999",out,Spain;,0,Primera Division,1999,1999/2000
Deportivo Alavés,Manuel Canabal,24,Centre-Forward,Real Madrid,"End of loanJun 30, 1999",out,Spain;,0,Primera Division,1999,1999/2000
Deportivo Alavés,Pablo Sánchez,26,Attacking Midfield,Feyenoord,"End of loanJun 30, 1999",out,Argentina;Italy;,0,Primera Division,1999,1999/2000
Celta de Vigo,Benni McCarthy,21,Centre-Forward,Ajax,£5.40m,in,South Africa;,5.4,Primera Division,1999,1999/2000
Celta de Vigo,Iván Kaviedes,21,Centre-Forward,Perugia,£4.50m,in,Ecuador;Spain;,4.5,Primera Division,1999,1999/2000
Celta de Vigo,Juanfran,22,Left-Back,Valencia,£1.80m,in,Spain;,1.8,Primera Division,1999,1999/2000
Celta de Vigo,Albert Celades,23,Defensive Midfield,FC Barcelona,£1.53m,in,Spain;Andorra;,1.53,Primera Division,1999,1999/2000
Celta de Vigo,Mario Turdó,20,Centre-Forward,Independiente,£450k,in,Argentina;Italy;,0.45,Primera Division,1999,1999/2000
Celta de Vigo,Rick Hoogendorp,24,Centre-Forward,RKC Waalwijk,Loan fee:£284k,in,Netherlands;,0.284,Primera Division,1999,1999/2000
Celta de Vigo,Pablo Coira,19,Right-Back,SD Compostela,Free transfer,in,Spain;,NA,Primera Division,1999,1999/2000
Celta de Vigo,Marko Pantelic,20,Centre-Forward,Paris SG,Free transfer,in,Serbia;,NA,Primera Division,1999,1999/2000
Celta de Vigo,Djamel Belmadi,23,Right Midfield,Marseille,Loan,in,Algeria;France;,0,Primera Division,1999,1999/2000
Celta de Vigo,José María Mena,20,Centre-Forward,Córdoba CF,?,in,Spain;,NA,Primera Division,1999,1999/2000
Celta de Vigo,Juan Velasco,22,Right-Back,Sevilla FC,?,in,Spain;,NA,Primera Division,1999,1999/2000
Celta de Vigo,Everton Giovanella,28,Central Midfield,UD Salamanca,?,in,Brazil;Spain;,NA,Primera Division,1999,1999/2000
Celta de Vigo,Sergio,22,Centre-Back,Sporting Gijón,?,in,Spain;,NA,Primera Division,1999,1999/2000
Celta de Vigo,Gustavo López,26,Left Winger,Real Zaragoza,?,in,Argentina;Spain;,NA,Primera Division,1999,1999/2000
Celta de Vigo,Míchel Salgado,23,Right-Back,Real Madrid,£5.40m,out,Spain;,5.4,Primera Division,1999,1999/2000
Celta de Vigo,Juan Sánchez,27,Centre-Forward,Valencia,£720k,out,Spain;,0.72,Primera Division,1999,1999/2000
Celta de Vigo,Dan Eggen,29,Centre-Back,Alavés,Free transfer,out,Norway;,NA,Primera Division,1999,1999/2000
Celta de Vigo,Marko Pantelic,20,Centre-Forward,Sturm Graz,Loan,out,Serbia;,0,Primera Division,1999,1999/2000
Celta de Vigo,Pablo Couñago,19,Centre-Forward,Recr. Huelva,Loan,out,Spain;,0,Primera Division,1999,1999/2000
Celta de Vigo,Fran Caínzos,26,Left-Back,UD Salamanca,?,out,Spain;,NA,Primera Division,1999,1999/2000
Celta de Vigo,Josema,30,Right-Back,CA Osasuna,?,out,Spain;,NA,Primera Division,1999,1999/2000
Celta de Vigo,Bruno Caires,23,Defensive Midfield,CD Tenerife,?,out,Portugal;,NA,Primera Division,1999,1999/2000
Celta de Vigo,Vladimir Gudelj,32,Forward,SD Compostela,?,out,Bosnia-Herzegovina;Serbia;,NA,Primera Division,1999,1999/2000
Celta de Vigo,Iván Kaviedes,22,Centre-Forward,Puebla FC,Loan,out,Ecuador;Spain;,0,Primera Division,1999,1999/2000
Celta de Vigo,Djamel Belmadi,23,Right Midfield,Marseille,"End of loanDec 31, 1999",out,Algeria;France;,0,Primera Division,1999,1999/2000
Celta de Vigo,Jordi Cruijff,25,Defensive Midfield,Man Utd,"End of loanJun 30, 1999",out,Netherlands;Spain;,0,Primera Division,1999,1999/2000
Celta de Vigo,Oskar Vales,24,Right-Back,Athletic,"End of loanJun 30, 1999",out,Spain;,0,Primera Division,1999,1999/2000
Real Valladolid CF,Manuel Tena,21,Centre-Back,Real Madrid,Free transfer,in,Spain;,NA,Primera Division,1999,1999/2000
Real Valladolid CF,Rodrigo Fabri,23,Central Midfield,Real Madrid,Free transfer,in,Brazil;Portugal;,NA,Primera Division,1999,1999/2000
Real Valladolid CF,Shoji Jo,24,Centre-Forward,Yokohama F. M.,Loan,in,Japan;,0,Primera Division,1999,1999/2000
Real Valladolid CF,Jorge Brítez,18,Defensive Midfield,Club Hayes,?,in,Paraguay;Spain;,NA,Primera Division,1999,1999/2000
Real Valladolid CF,Javi Jiménez,23,Defensive Midfield,Getafe,?,in,Spain;,NA,Primera Division,1999,1999/2000
Real Valladolid CF,Arilson,26,Attacking Midfield,Grêmio,?,in,Brazil;,NA,Primera Division,1999,1999/2000
Real Valladolid CF,Luis Márquez,27,Midfielder,Real Betis,?,in,Spain;,NA,Primera Division,1999,1999/2000
Real Valladolid CF,Edwin Congo,22,Centre-Forward,Real Madrid,Loan,in,Colombia;Spain;,0,Primera Division,1999,1999/2000
Real Valladolid CF,Gabriel Heinze,21,Centre-Back,Sporting CP,"End of loanJun 30, 1999",in,Argentina;Italy;,0,Primera Division,1999,1999/2000
Real Valladolid CF,Júlio César,20,Centre-Back,Real Madrid,Free transfer,out,Brazil;Spain;,NA,Primera Division,1999,1999/2000
Real Valladolid CF,Álvaro Gutiérrez,30,Defensive Midfield,Bella Vista,?,out,Uruguay;,NA,Primera Division,1999,1999/2000
Real Valladolid CF,Emilio López,21,Forward,Atl. Madrid B,?,out,Spain;,NA,Primera Division,1999,1999/2000
Real Valladolid CF,Daniel Dutuel,31,Attacking Midfield,AC Bellinzona,?,out,France;,NA,Primera Division,1999,1999/2000
Real Valladolid CF,Raúl Ibáñez,26,Forward,Elche CF,Loan,out,Spain;,0,Primera Division,1999,1999/2000
Real Valladolid CF,Diego Klimowicz,24,Centre-Forward,Lanús,?,out,Argentina;Spain;,NA,Primera Division,1999,1999/2000
Real Valladolid CF,Agustín Elduayen,34,Goalkeeper,Retired,-,out,Spain;,0,Primera Division,1999,1999/2000
Real Valladolid CF,Juan Carlos,34,Left-Back,Retired,-,out,Spain;,0,Primera Division,1999,1999/2000
Real Valladolid CF,Luis García,21,Right Winger,FC Barcelona,"End of loanJun 30, 1999",out,Spain;,0,Primera Division,1999,1999/2000
Rayo Vallecano,Sergio Ballesteros,23,Centre-Back,CD Tenerife,£1.89m,in,Spain;,1.89,Primera Division,1999,1999/2000
Rayo Vallecano,Kasey Keller,29,Goalkeeper,Leicester,Free transfer,in,United States;,NA,Primera Division,1999,1999/2000
Rayo Vallecano,Mark Draper,29,Attacking Midfield,Aston Villa,Loan,in,England;,0,Primera Division,1999,1999/2000
Rayo Vallecano,Martín Mandra,21,Left Winger,Ferro,?,in,Argentina;Italy;,NA,Primera Division,1999,1999/2000
Rayo Vallecano,Manuel Canabal,24,Centre-Forward,Real Madrid,Loan,in,Spain;,0,Primera Division,1999,1999/2000
Rayo Vallecano,Juan Carlos Villamayor,30,Right-Back,Ponte Preta,?,in,Paraguay;,NA,Primera Division,1999,1999/2000
Rayo Vallecano,Hélder Batista,26,Midfielder,Paris SG,?,in,Portugal;,NA,Primera Division,1999,1999/2000
Rayo Vallecano,David Clotet,26,Centre-Back,CD Logroñés,?,in,Spain;,NA,Primera Division,1999,1999/2000
Rayo Vallecano,Dani Bouzas,25,Attacking Midfield,Albacete,?,in,Spain;,NA,Primera Division,1999,1999/2000
Rayo Vallecano,Hélder Baptista,27,Midfielder,Paris SG,?,in,Portugal;,NA,Primera Division,1999,1999/2000
Rayo Vallecano,Gerhard Poschner,29,Defensive Midfield,AC Venezia 1907,?,in,Germany;,NA,Primera Division,1999,1999/2000
Rayo Vallecano,Hélder Manuel,27,Midfielder,Unknown,?,in,Portugal;,NA,Primera Division,1999,1999/2000
Rayo Vallecano,Quinzinho,25,Forward,FC Porto,?,in,Angola;Portugal;,NA,Primera Division,1999,1999/2000
Rayo Vallecano,Sergio Segura,21,Goalkeeper,Talavera CF,"End of loanJun 30, 1999",in,Spain;,0,Primera Division,1999,1999/2000
Rayo Vallecano,Iván Rosado,25,Centre-Forward,CA Osasuna,Free transfer,out,Spain;,NA,Primera Division,1999,1999/2000
Rayo Vallecano,Jero,21,Centre-Back,Panachaiki,Free transfer,out,Spain;,NA,Primera Division,1999,1999/2000
Rayo Vallecano,Sergio Segura,21,Goalkeeper,UD Sanse,Loan,out,Spain;,0,Primera Division,1999,1999/2000
Rayo Vallecano,Tiago,24,Defensive Midfield,CD Tenerife,?,out,Portugal;,NA,Primera Division,1999,1999/2000
Rayo Vallecano,Juan Muñiz,30,Centre-Back,CD Numancia,?,out,Spain;,NA,Primera Division,1999,1999/2000
Rayo Vallecano,Pablo Lago,24,Central Midfield,UD Las Palmas,?,out,Spain;,NA,Primera Division,1999,1999/2000
Rayo Vallecano,Francisco Pineda,28,Forward,Getafe,?,out,Spain;,NA,Primera Division,1999,1999/2000
Rayo Vallecano,Onésimo,30,Midfielder,Burgos CF,?,out,Spain;,NA,Primera Division,1999,1999/2000
RCD Mallorca,Juan José Serrizuela,22,Right-Back,Lanús,£4.14m,in,Argentina;,4.14,Primera Division,1999,1999/2000
RCD Mallorca,Samuel Eto'o,18,Centre-Forward,Real Madrid,£4.05m,in,Cameroon;Spain;,4.05,Primera Division,1999,1999/2000
RCD Mallorca,Jorge Quinteros,24,Centre-Forward,Argentinos Jrs.,£3.15m,in,Argentina;,3.15,Primera Division,1999,1999/2000
RCD Mallorca,Dani Güiza,19,Centre-Forward,Xerez CD,£630k,in,Spain;,0.63,Primera Division,1999,1999/2000
RCD Mallorca,David Castedo,25,Left-Back,CF Extremadura,Free transfer,in,Spain;,NA,Primera Division,1999,1999/2000
RCD Mallorca,Miguel Ángel Nadal,32,Centre-Back,FC Barcelona,Free transfer,in,Spain;,NA,Primera Division,1999,1999/2000
RCD Mallorca,Ardijan Djokaj,20,Left Winger,B. Podgorica,Free transfer,in,Montenegro;,NA,Primera Division,1999,1999/2000
RCD Mallorca,Germán Burgos,30,Goalkeeper,River Plate,?,in,Argentina;Spain;,NA,Primera Division,1999,1999/2000
RCD Mallorca,Iván Gabrich,26,Centre-Forward,CF Extremadura,?,in,Argentina;,NA,Primera Division,1999,1999/2000
RCD Mallorca,Armando,28,Right-Back,Dep. La Coruña,?,in,Spain;,NA,Primera Division,1999,1999/2000
RCD Mallorca,Diego Tristán,23,Centre-Forward,RCD Mallorca B,-,in,Spain;,0,Primera Division,1999,1999/2000
RCD Mallorca,Julián Robles,18,Defensive Midfield,RCD Mallorca B,-,in,Spain;,0,Primera Division,1999,1999/2000
RCD Mallorca,Josep Lluís Martí,24,Defensive Midfield,RCD Mallorca B,-,in,Spain;,0,Primera Division,1999,1999/2000
RCD Mallorca,Leo Franco,22,Goalkeeper,RCD Mallorca B,-,in,Argentina;Italy;,0,Primera Division,1999,1999/2000
RCD Mallorca,Jorge Cordero,22,Midfielder,Elche CF,,in,Spain;,NA,Primera Division,1999,1999/2000
RCD Mallorca,Dani García,24,Centre-Forward,FC Barcelona,£13.50m,out,Spain;,13.5,Primera Division,1999,1999/2000
RCD Mallorca,Marcelino,27,Centre-Back,Newcastle,£6.03m,out,Spain;,6.03,Primera Division,1999,1999/2000
RCD Mallorca,Albert Luque,21,Left Winger,Málaga CF,Loan,out,Spain;,0,Primera Division,1999,1999/2000
RCD Mallorca,Iván Gabrich,27,Centre-Forward,Huracán,?,out,Argentina;,NA,Primera Division,1999,1999/2000
RCD Mallorca,Óscar Arpón,24,Central Midfield,CA Osasuna,?,out,Spain;,NA,Primera Division,1999,1999/2000
RCD Mallorca,Ariel López,25,Centre-Forward,San Lorenzo,Loan,out,Argentina;,0,Primera Division,1999,1999/2000
RCD Mallorca,Gabriel Moya,33,Midfielder,Sevilla FC,,out,Spain;,NA,Primera Division,1999,1999/2000
RCD Mallorca,Veljko Paunovic,21,Centre-Forward,Atlético Madrid,"End of loanJun 30, 1999",out,Serbia;Spain;,0,Primera Division,1999,1999/2000
RCD Mallorca,Ivo,21,Midfielder,Atlético Madrid,"End of loanJun 30, 1999",out,Spain;,0,Primera Division,1999,1999/2000
RCD Mallorca,Mauricio Pineda,23,Left-Back,Udinese,"End of loanJun 30, 1999",out,Argentina;,0,Primera Division,1999,1999/2000
Athletic Bilbao,Edu Alonso,25,Right-Back,UD Salamanca,Free transfer,in,Spain;,NA,Primera Division,1999,1999/2000
Athletic Bilbao,Tiko,22,Central Midfield,CA Osasuna,Free transfer,in,Spain;,NA,Primera Division,1999,1999/2000
Athletic Bilbao,Sívori,22,Centre-Forward,Alavés,?,in,Spain;,NA,Primera Division,1999,1999/2000
Athletic Bilbao,David Karanka,21,Centre-Forward,Bilbao Athletic,-,in,Spain;,0,Primera Division,1999,1999/2000
Athletic Bilbao,Iñaki Lafuente,23,Goalkeeper,Bilbao Athletic,-,in,Spain;,0,Primera Division,1999,1999/2000
Athletic Bilbao,Galder Zubizarreta,19,Centre-Back,CD Basconia,-,in,Spain;,0,Primera Division,1999,1999/2000
Athletic Bilbao,Oskar Vales,24,Right-Back,Celta de Vigo,"End of loanJun 30, 1999",in,Spain;,0,Primera Division,1999,1999/2000
Athletic Bilbao,Txomin Nagore,24,Central Midfield,CD Numancia,Free transfer,out,Spain;,NA,Primera Division,1999,1999/2000
Athletic Bilbao,Juan José Valencia,27,Goalkeeper,Sevilla FC,?,out,Spain;,NA,Primera Division,1999,1999/2000
Athletic Bilbao,César Caneda,21,Centre-Back,UD Salamanca,?,out,Spain;,NA,Primera Division,1999,1999/2000
Athletic Bilbao,Jorge Pérez,23,Central Midfield,CD Numancia,?,out,Spain;,NA,Primera Division,1999,1999/2000
Athletic Bilbao,Mikel,24,Centre-Forward,UE Lleida,,out,Spain;,NA,Primera Division,1999,1999/2000
Málaga CF,Roberto Rojas,24,Right-Back,Real Madrid,Free transfer,in,Spain;,NA,Primera Division,1999,1999/2000
Málaga CF,Albert Luque,21,Left Winger,RCD Mallorca,Loan,in,Spain;,0,Primera Division,1999,1999/2000
Málaga CF,Fernando Sanz,25,Centre-Back,Real Madrid,?,in,Spain;,NA,Primera Division,1999,1999/2000
Málaga CF,Pedro Contreras,27,Goalkeeper,Real Madrid,?,in,Spain;,NA,Primera Division,1999,1999/2000
Málaga CF,Darío Silva,26,Centre-Forward,Espanyol,?,in,Uruguay;Spain;,NA,Primera Division,1999,1999/2000
Málaga CF,Irurzun,25,Centre-Forward,CA Osasuna,"End of loanMay 1, 2000",in,Spain;,0,Primera Division,1999,1999/2000
Málaga CF,Raúl Iznata,21,Left-Back,Málaga B,-,in,Spain;,0,Primera Division,1999,1999/2000
Málaga CF,Brahim Thiam,25,Centre-Back,AS Red Star 93,Free transfer,out,Mali;France;,NA,Primera Division,1999,1999/2000
Málaga CF,Irurzun,24,Centre-Forward,CA Osasuna,Loan,out,Spain;,0,Primera Division,1999,1999/2000
Málaga CF,Ariel Zárate,26,Attacking Midfield,Elche CF,?,out,Argentina;Italy;,NA,Primera Division,1999,1999/2000
Málaga CF,Pablo Guede,24,Centre-Forward,Elche CF,?,out,Argentina;Spain;,NA,Primera Division,1999,1999/2000
Málaga CF,Dani,25,Goalkeeper,UD Almería,?,out,Spain;,NA,Primera Division,1999,1999/2000
Málaga CF,Vladimir Popovic,23,Forward,Getafe,?,out,Montenegro;,NA,Primera Division,1999,1999/2000
Málaga CF,Quino,28,Forward,Recr. Huelva,?,out,Spain;,NA,Primera Division,1999,1999/2000
Málaga CF,Cristian Díaz,23,Centre-Back,Atlético Madrid,?,out,Argentina;Spain;,NA,Primera Division,1999,1999/2000
Málaga CF,Owusu Afriyie,18,Forward,Chaves,Loan,out,Ghana;,0,Primera Division,1999,1999/2000
Real Sociedad,Dmitri Khokhlov,24,Central Midfield,PSV Eindhoven,£1.35m,in,Russia;,1.35,Primera Division,1999,1999/2000
Real Sociedad,Víctor Bonilla,28,Centre-Forward,Deportivo Cali,?,in,Colombia;,NA,Primera Division,1999,1999/2000
Real Sociedad,Sergio Korino,25,Centre-Back,Espanyol,?,in,Spain;,NA,Primera Division,1999,1999/2000
Real Sociedad,Joseba Llorente,19,Centre-Forward,Real Sociedad B,-,in,Spain;,0,Primera Division,1999,1999/2000
Real Sociedad,Iker Álvarez,22,Goalkeeper,Real Sociedad B,-,in,Spain;,0,Primera Division,1999,1999/2000
Real Sociedad,José Javier Barkero,20,Attacking Midfield,Real Sociedad B,-,in,Spain;,0,Primera Division,1999,1999/2000
Real Sociedad,Darko Kovacevic,25,Centre-Forward,Juventus,£15.30m,out,Serbia;,15.3,Primera Division,1999,1999/2000
Real Sociedad,Víctor Bonilla,28,Centre-Forward,UD Salamanca,?,out,Colombia;,NA,Primera Division,1999,1999/2000
Real Sociedad,Mutiu Adepoju,29,Central Midfield,Ittihad,?,out,Nigeria;,NA,Primera Division,1999,1999/2000
Real Sociedad,Javi Gracia,29,Defensive Midfield,Villarreal,?,out,Spain;,NA,Primera Division,1999,1999/2000
Real Sociedad,Roberto Olabe Aranzabal,31,Goalkeeper,Retired,-,out,Spain;,0,Primera Division,1999,1999/2000
RCD Espanyol Barcelona,Roger García,22,Left Midfield,FC Barcelona,£2.43m,in,Spain;,2.43,Primera Division,1999,1999/2000
RCD Espanyol Barcelona,Toni Velamazán,22,Right Midfield,FC Barcelona,£90k,in,Spain;,0.09,Primera Division,1999,1999/2000
RCD Espanyol Barcelona,Pablo Cavallero,25,Goalkeeper,CA Unión,?,in,Argentina;Italy;,NA,Primera Division,1999,1999/2000
RCD Espanyol Barcelona,Carlos Casartelli,24,Centre-Forward,UD Salamanca,?,in,Argentina;Italy;,NA,Primera Division,1999,1999/2000
RCD Espanyol Barcelona,Pablo Rotchen,26,Centre-Back,Independiente,?,in,Argentina;,NA,Primera Division,1999,1999/2000
RCD Espanyol Barcelona,Manel,25,Centre-Forward,CD Logroñés,?,in,Spain;,NA,Primera Division,1999,1999/2000
RCD Espanyol Barcelona,Juan Luis Mora,25,Goalkeeper,Real Oviedo,?,in,Spain;,NA,Primera Division,1999,1999/2000
RCD Espanyol Barcelona,Mauro Navas,24,Right Midfield,Udinese,?,in,Argentina;,NA,Primera Division,1999,1999/2000
RCD Espanyol Barcelona,Sergio Korino,24,Centre-Back,UD Salamanca,?,in,Spain;,NA,Primera Division,1999,1999/2000
RCD Espanyol Barcelona,Toni Soldevilla,20,Centre-Back,RCD Espanyol B,-,in,Spain;,0,Primera Division,1999,1999/2000
RCD Espanyol Barcelona,Enrique de Lucas,20,Attacking Midfield,RCD Espanyol B,-,in,Spain;,0,Primera Division,1999,1999/2000
RCD Espanyol Barcelona,Raúl Tamudo,21,Centre-Forward,UE Lleida,"End of loanJun 30, 1999",in,Spain;,0,Primera Division,1999,1999/2000
RCD Espanyol Barcelona,Joan Capdevila,21,Left-Back,Atlético Madrid,£4.32m,out,Spain;,4.32,Primera Division,1999,1999/2000
RCD Espanyol Barcelona,Iván Helguera,24,Centre-Back,Real Madrid,£2.25m,out,Spain;,2.25,Primera Division,1999,1999/2000
RCD Espanyol Barcelona,Carlos Casartelli,25,Centre-Forward,Estudiantes,?,out,Argentina;Italy;,NA,Primera Division,1999,1999/2000
RCD Espanyol Barcelona,Germán Villa,26,Defensive Midfield,América,?,out,Mexico;,NA,Primera Division,1999,1999/2000
RCD Espanyol Barcelona,Giampaolo Di Magno,25,Goalkeeper,Carpi,?,out,Italy;,NA,Primera Division,1999,1999/2000
RCD Espanyol Barcelona,Quique Martín,26,Left Winger,UD Salamanca,?,out,Spain;,NA,Primera Division,1999,1999/2000
RCD Espanyol Barcelona,Pacheta,31,Midfielder,CD Numancia,?,out,Spain;,NA,Primera Division,1999,1999/2000
RCD Espanyol Barcelona,Sergio Korino,25,Centre-Back,Real Sociedad,?,out,Spain;,NA,Primera Division,1999,1999/2000
RCD Espanyol Barcelona,Darío Silva,26,Centre-Forward,Málaga CF,?,out,Uruguay;Spain;,NA,Primera Division,1999,1999/2000
RCD Espanyol Barcelona,Nan Ribera,24,Midfielder,Alavés,Loan,out,Spain;,0,Primera Division,1999,1999/2000
RCD Espanyol Barcelona,Toni Jiménez,28,Goalkeeper,Atlético Madrid,?,out,Spain;,NA,Primera Division,1999,1999/2000
RCD Espanyol Barcelona,Dominique Lemoine,33,Attacking Midfield,Without Club,-,out,Belgium;,0,Primera Division,1999,1999/2000
RCD Espanyol Barcelona,Federico Domínguez,22,Left-Back,Vélez Sarsfield,"End of loanJun 30, 1999",out,Argentina;,0,Primera Division,1999,1999/2000
RCD Espanyol Barcelona,Samuel Eto'o,18,Centre-Forward,Real Madrid,"End of loanJun 30, 1999",out,Cameroon;Spain;,0,Primera Division,1999,1999/2000
Racing Santander,Sigurd Rushfeldt,26,Centre-Forward,Rosenborg BK,£4.50m,in,Norway;,4.5,Primera Division,1999,1999/2000
Racing Santander,Léider Preciado,22,Centre-Forward,CD Toledo,?,in,Colombia;,NA,Primera Division,1999,1999/2000
Racing Santander,Erwin Lemmens,23,Goalkeeper,KSK Beveren,?,in,Belgium;,NA,Primera Division,1999,1999/2000
Racing Santander,Fernando Morán,23,Right Midfield,CD Ourense,?,in,Spain;,NA,Primera Division,1999,1999/2000
Racing Santander,Marcelo Espina,32,Central Midfield,Colo Colo,?,in,Argentina;Chile;,NA,Primera Division,1999,1999/2000
Racing Santander,Javier Manjarín,29,Second Striker,Dep. La Coruña,?,in,Spain;,NA,Primera Division,1999,1999/2000
Racing Santander,Víctor Sánchez,23,Right Winger,Dep. La Coruña,£6.84m,out,Spain;,6.84,Primera Division,1999,1999/2000
Racing Santander,Sergey Shustikov,29,Centre-Back,CA Osasuna,?,out,Russia;,NA,Primera Division,1999,1999/2000
Racing Santander,Geli,31,Left Midfield,CF Extremadura,?,out,Spain;,NA,Primera Division,1999,1999/2000
Racing Santander,Léider Preciado,22,Centre-Forward,CD Toledo,?,out,Colombia;,NA,Primera Division,1999,1999/2000
Racing Santander,Fernando Marcos,30,Goalkeeper,Motril CF,?,out,Spain;,NA,Primera Division,1999,1999/2000
Racing Santander,Sánchez Jara,29,Midfielder,Retired,-,out,Spain;,0,Primera Division,1999,1999/2000
Racing Santander,Jesús Merino,31,Defender,Retired,-,out,Spain;,0,Primera Division,1999,1999/2000
Racing Santander,Frode Grodas,34,Goalkeeper,FC Schalke 04,"End of loanJun 30, 1999",out,Norway;,0,Primera Division,1999,1999/2000
Real Oviedo,Bruno Berner,22,Left-Back,Grasshoppers,Loan,in,Switzerland;,0,Primera Division,1999,1999/2000
Real Oviedo,Gert Claessens,27,Left Midfield,Club Brugge,?,in,Belgium;,NA,Primera Division,1999,1999/2000
Real Oviedo,Frédéric Danjou,24,Centre-Back,AJ Auxerre,?,in,France;,NA,Primera Division,1999,1999/2000
Real Oviedo,Juan Carlos Unzué,32,Goalkeeper,CD Tenerife,?,in,Spain;,NA,Primera Division,1999,1999/2000
Real Oviedo,Óscar Álvarez,22,Centre-Back,FC Barcelona B,?,in,Spain;,NA,Primera Division,1999,1999/2000
Real Oviedo,Mateo Corbo,23,Left-Back,River Plate,?,in,Uruguay;Italy;,NA,Primera Division,1999,1999/2000
Real Oviedo,Sergio Boris,19,Centre-Back,Oviedo B,-,in,Spain;,0,Primera Division,1999,1999/2000
Real Oviedo,Juan González,27,Centre-Forward,Atlético Madrid,"End of loanJun 30, 1999",in,Uruguay;,0,Primera Division,1999,1999/2000
Real Oviedo,Chino Losada,22,Centre-Forward,CD Toledo,"End of loanJun 30, 1999",in,Spain;,0,Primera Division,1999,1999/2000
Real Oviedo,César Martín,22,Centre-Back,Dep. La Coruña,£6.66m,out,Spain;,6.66,Primera Division,1999,1999/2000
Real Oviedo,Fernando Gamboa,28,Centre-Back,Newell's,?,out,Argentina;,NA,Primera Division,1999,1999/2000
Real Oviedo,Dani Pendín,24,Defensive Midfield,Burgos CF,?,out,Argentina;Spain;,NA,Primera Division,1999,1999/2000
Real Oviedo,Manel,28,Right-Back,Dep. La Coruña,?,out,Spain;,NA,Primera Division,1999,1999/2000
Real Oviedo,Juan Luis Mora,25,Goalkeeper,Espanyol,?,out,Spain;,NA,Primera Division,1999,1999/2000
Real Oviedo,Joyce Moreno,24,Defender,CD Leganés,Loan,out,Panama;Spain;,0,Primera Division,1999,1999/2000
Real Oviedo,Bruno Berner,22,Left-Back,Grasshoppers,"End of loanMay 1, 2000",out,Switzerland;,0,Primera Division,1999,1999/2000
CD Numancia,Txomin Nagore,24,Central Midfield,Athletic,Free transfer,in,Spain;,NA,Primera Division,1999,1999/2000
CD Numancia,Alberto Rivera,21,Central Midfield,Real Madrid,Loan,in,Spain;,0,Primera Division,1999,1999/2000
CD Numancia,Alberto Belsué,31,Right-Back,Alavés,Free transfer,in,Spain;,NA,Primera Division,1999,1999/2000
CD Numancia,Fabrice Moreau,31,Midfielder,Talavera CF,Free transfer,in,Cameroon;France;,NA,Primera Division,1999,1999/2000
CD Numancia,Jorge Pérez,23,Central Midfield,Athletic,?,in,Spain;,NA,Primera Division,1999,1999/2000
CD Numancia,Juan Muñiz,30,Centre-Back,Rayo Vallecano,?,in,Spain;,NA,Primera Division,1999,1999/2000
CD Numancia,Constantin Barbu,28,Attacking Midfield,Rapid Bucharest,?,in,Romania;,NA,Primera Division,1999,1999/2000
CD Numancia,Rubén Navarro,20,Centre-Forward,Valencia,?,in,Spain;,NA,Primera Division,1999,1999/2000
CD Numancia,Pacheta,31,Midfielder,Espanyol,?,in,Spain;,NA,Primera Division,1999,1999/2000
CD Numancia,Iván Rocha,30,Left-Back,Alavés,?,in,Brazil;,NA,Primera Division,1999,1999/2000
CD Numancia,Tito,28,Defensive Midfield,Albacete,?,in,Spain;,NA,Primera Division,1999,1999/2000
CD Numancia,Jandro,20,Attacking Midfield,Valencia B,Loan,in,Spain;,0,Primera Division,1999,1999/2000
CD Numancia,Álvaro Núñez,26,Goalkeeper,Rentistas,?,in,Uruguay;Spain;,NA,Primera Division,1999,1999/2000
CD Numancia,Jorge Delgado,23,Centre-Forward,Liverpool FC,?,in,Uruguay;,NA,Primera Division,1999,1999/2000
CD Numancia,Perico Ojeda,26,Centre-Forward,Racing Club,?,in,Argentina;,NA,Primera Division,1999,1999/2000
CD Numancia,Gabriel Popescu,25,Attacking Midfield,Valencia,?,in,Romania;,NA,Primera Division,1999,1999/2000
CD Numancia,Raúl Muñoz,24,Left-Back,Colo Colo,?,in,Chile;,NA,Primera Division,1999,1999/2000
CD Numancia,Pepín,23,Centre-Forward,CD Badajoz,Free transfer,out,Spain;,NA,Primera Division,1999,1999/2000
CD Numancia,José Luis Diezma,31,Goalkeeper,Recr. Huelva,?,out,Spain;,NA,Primera Division,1999,1999/2000
CD Numancia,Óscar Herreros,28,Right-Back,AD Ceuta,?,out,Spain;,NA,Primera Division,1999,1999/2000
CD Numancia,Julián Palacios,28,Left-Back,Mérida UD,?,out,Spain;,NA,Primera Division,1999,1999/2000
CD Numancia,Iñigo Uribarri,26,Left-Back,SD Eibar,?,out,Spain;,NA,Primera Division,1999,1999/2000
CD Numancia,Alberto Artigas,27,Forward,Real Murcia,?,out,Spain;,NA,Primera Division,1999,1999/2000
CD Numancia,Gabriel Popescu,26,Attacking Midfield,Dinamo Bukarest,?,out,Romania;,NA,Primera Division,1999,1999/2000
CD Numancia,Javi Suárez,23,Centre-Back,CD Binefar,?,out,Spain;,NA,Primera Division,1999,1999/2000
CD Numancia,Alfonso Cortijo,32,Defender,Cádiz CF,?,out,Spain;,NA,Primera Division,1999,1999/2000
CD Numancia,José Luis Morales,26,Forward,UD Salamanca,?,out,Spain;,NA,Primera Division,1999,1999/2000
CD Numancia,Iñaki Eraña,34,Midfielder,Retired,-,out,Spain;,0,Primera Division,1999,1999/2000
CD Numancia,Quique Medina,24,Centre-Back,Villarreal,"End of loanJun 30, 1999",out,Spain;Germany;,0,Primera Division,1999,1999/2000
Real Betis Balompié,Diego Crosa,23,Centre-Back,Newell's,£3.42m,in,Argentina;Italy;,3.42,Primera Division,1999,1999/2000
Real Betis Balompié,Miroslav Karhan,23,Central Midfield,Spartak Trnava,Free transfer,in,Slovakia;,NA,Primera Division,1999,1999/2000
Real Betis Balompié,Fabão,23,Centre-Back,Flamengo,Free transfer,in,Brazil;,NA,Primera Division,1999,1999/2000
Real Betis Balompié,Sebastián Romero,21,Central Midfield,Gimnasia,?,in,Argentina;Italy;,NA,Primera Division,1999,1999/2000
Real Betis Balompié,Andrei Frascarelli,26,Defender,Santos FC,?,in,Brazil;Italy;,NA,Primera Division,1999,1999/2000
Real Betis Balompié,Joaquín Bornes,24,Centre-Back,Recr. Huelva,?,in,Spain;,NA,Primera Division,1999,1999/2000
Real Betis Balompié,Adilson,23,Left-Back,Red Star,?,in,Brazil;,NA,Primera Division,1999,1999/2000
Real Betis Balompié,David Rivas,20,Centre-Back,Betis B,-,in,Spain;,0,Primera Division,1999,1999/2000
Real Betis Balompié,Juan Jesús,22,Midfielder,Betis B,-,in,Spain;,0,Primera Division,1999,1999/2000
Real Betis Balompié,Virgilio Ferreira,26,Centre-Forward,Recr. Huelva,"End of loanJun 1, 1999",in,Paraguay;,0,Primera Division,1999,1999/2000
Real Betis Balompié,Denílson,22,Left Winger,Flamengo,Loan,out,Brazil;Spain;,0,Primera Division,1999,1999/2000
Real Betis Balompié,Celso Ayala,28,Centre-Back,Atlético Madrid,?,out,Paraguay;,NA,Primera Division,1999,1999/2000
Real Betis Balompié,Jaime Quesada,27,Right-Back,UD Las Palmas,?,out,Spain;,NA,Primera Division,1999,1999/2000
Real Betis Balompié,Luis Márquez,27,Midfielder,Real Valladolid,?,out,Spain;,NA,Primera Division,1999,1999/2000
Real Betis Balompié,Tomás Olías,30,Centre-Back,UD Las Palmas,?,out,Spain;,NA,Primera Division,1999,1999/2000
Real Betis Balompié,Adilson,23,Left-Back,Sevilla FC,?,out,Brazil;,NA,Primera Division,1999,1999/2000
Real Betis Balompié,Fernando,27,Left Midfield,Dep. La Coruña,?,out,Spain;,NA,Primera Division,1999,1999/2000
Real Betis Balompié,Virgilio Ferreira,26,Centre-Forward,América,?,out,Paraguay;,NA,Primera Division,1999,1999/2000
Atlético Madrid,Jimmy Floyd Hasselbaink,27,Centre-Forward,Leeds,£15.03m,in,Netherlands;Suriname;,15.03,Primera Division,1999,1999/2000
Atlético Madrid,Juninho Paulista,26,Attacking Midfield,Middlesbrough,£12.42m,in,Brazil;Italy;,12.42,Primera Division,1999,1999/2000
Atlético Madrid,Joan Capdevila,21,Left-Back,Espanyol,£4.32m,in,Spain;,4.32,Primera Division,1999,1999/2000
Atlético Madrid,Hugo Leal,19,Central Midfield,Benfica,Free transfer,in,Portugal;,NA,Primera Division,1999,1999/2000
Atlético Madrid,Celso Ayala,28,Centre-Back,Real Betis,?,in,Paraguay;,NA,Primera Division,1999,1999/2000
Atlético Madrid,Carlos Gamarra,28,Centre-Back,Corinthians,?,in,Paraguay;,NA,Primera Division,1999,1999/2000
Atlético Madrid,Leonel Pilipauskas,24,Centre-Back,Bella Vista,?,in,Uruguay;Lithuania;,NA,Primera Division,1999,1999/2000
Atlético Madrid,Cristian Díaz,23,Centre-Back,Málaga CF,?,in,Argentina;Spain;,NA,Primera Division,1999,1999/2000
Atlético Madrid,Toni Jiménez,28,Goalkeeper,Espanyol,?,in,Spain;,NA,Primera Division,1999,1999/2000
Atlético Madrid,Ivo,21,Midfielder,RCD Mallorca,"End of loanJun 30, 1999",in,Spain;,0,Primera Division,1999,1999/2000
Atlético Madrid,Veljko Paunovic,21,Centre-Forward,RCD Mallorca,"End of loanJun 30, 1999",in,Serbia;Spain;,0,Primera Division,1999,1999/2000
Atlético Madrid,José Luque,21,Left Midfield,Albacete,"End of loanJun 30, 1999",in,Spain;,0,Primera Division,1999,1999/2000
Atlético Madrid,Rubén Baraja,23,Central Midfield,Valencia,£9.72m,out,Spain;,9.72,Primera Division,1999,1999/2000
Atlético Madrid,Michele Serena,29,Right-Back,Inter,£6.75m,out,Italy;,6.75,Primera Division,1999,1999/2000
Atlético Madrid,José Chamot,30,Left-Back,Milan,£2.70m,out,Argentina;Italy;,2.7,Primera Division,1999,1999/2000
Atlético Madrid,Quinton Fortune,22,Central Midfield,Man Utd,£2.03m,out,South Africa;England;,2.03,Primera Division,1999,1999/2000
Atlético Madrid,Vladimir Jugovic,29,Left Midfield,Inter,£1.80m,out,Serbia;Austria;,1.8,Primera Division,1999,1999/2000
Atlético Madrid,Juninho Paulista,26,Attacking Midfield,Middlesbrough,Loan,out,Brazil;Italy;,0,Primera Division,1999,1999/2000
Atlético Madrid,Ramón,24,Centre-Back,UD Las Palmas,?,out,Spain;,NA,Primera Division,1999,1999/2000
Atlético Madrid,Stefano Torrisi,28,Centre-Back,AC Parma,?,out,Italy;,NA,Primera Division,1999,1999/2000
Atlético Madrid,Delfí Geli,30,Right-Back,Albacete,?,out,Spain;,NA,Primera Division,1999,1999/2000
Atlético Madrid,Pedro Luis Jaro,36,Goalkeeper,Retired,-,out,Spain;,0,Primera Division,1999,1999/2000
Atlético Madrid,Juan González,27,Centre-Forward,Real Oviedo,"End of loanJun 30, 1999",out,Uruguay;,0,Primera Division,1999,1999/2000
Sevilla FC,Frode Olsen,32,Goalkeeper,Stabæk,Loan,in,Norway;,0,Primera Division,1999,1999/2000
Sevilla FC,Inti Podestá,21,Defensive Midfield,Danubio FC,Free transfer,in,Uruguay;Italy;,NA,Primera Division,1999,1999/2000
Sevilla FC,Marcelo Zalayeta,20,Centre-Forward,Juventus,Loan,in,Uruguay;Spain;,0,Primera Division,1999,1999/2000
Sevilla FC,Juan José Valencia,27,Goalkeeper,Athletic,?,in,Spain;,NA,Primera Division,1999,1999/2000
Sevilla FC,Marcelo Otero,28,Centre-Forward,Vicenza,?,in,Uruguay;,NA,Primera Division,1999,1999/2000
Sevilla FC,Adilson,23,Left-Back,Real Betis,?,in,Brazil;,NA,Primera Division,1999,1999/2000
Sevilla FC,Bakero,21,Left Winger,Leiria,?,in,Portugal;,NA,Primera Division,1999,1999/2000
Sevilla FC,Fredi,25,Left Midfield,Sporting Gijón,?,in,Spain;,NA,Primera Division,1999,1999/2000
Sevilla FC,Óscar Rodríguez,19,Centre-Back,Sevilla B,-,in,Spain;,0,Primera Division,1999,1999/2000
Sevilla FC,Víctor Salas,19,Central Midfield,Sevilla B,-,in,Spain;,0,Primera Division,1999,1999/2000
Sevilla FC,Gabriel Moya,33,Midfielder,RCD Mallorca,,in,Spain;,NA,Primera Division,1999,1999/2000
Sevilla FC,Igor Gluscevic,25,Centre-Forward,Aris Saloniki,Free transfer,out,Montenegro;,NA,Primera Division,1999,1999/2000
Sevilla FC,Gabi Correa,31,Central Midfield,Hércules CF,?,out,Uruguay;,NA,Primera Division,1999,1999/2000
Sevilla FC,André-Joël Eboué,25,Goalkeeper,O Elvas,?,out,Cameroon;,NA,Primera Division,1999,1999/2000
Sevilla FC,Óscar Silva,22,Central Midfield,Unknown,?,out,Spain;Germany;,NA,Primera Division,1999,1999/2000
Sevilla FC,Fredi,25,Left Midfield,CF Extremadura,Loan,out,Spain;,0,Primera Division,1999,1999/2000
Sevilla FC,Sebastián Corona,22,Centre-Back,Albacete,?,out,Spain;,NA,Primera Division,1999,1999/2000
Sevilla FC,Patri,25,Midfielder,CD Badajoz,Loan,out,Spain;,0,Primera Division,1999,1999/2000
Sevilla FC,Juan José Valencia,28,Goalkeeper,Sporting Gijón,?,out,Spain;,NA,Primera Division,1999,1999/2000
Sevilla FC,Juan Velasco,22,Right-Back,Celta de Vigo,?,out,Spain;,NA,Primera Division,1999,1999/2000
Sevilla FC,Dejan Vukicevic,31,Midfielder,Recr. Huelva,?,out,Montenegro;,NA,Primera Division,1999,1999/2000
Sevilla FC,David Cordón,24,Left-Back,Recr. Huelva,?,out,Spain;,NA,Primera Division,1999,1999/2000
Sevilla FC,Milorad Ratkovic,34,Left Midfield,Retired,-,out,Serbia;,0,Primera Division,1999,1999/2000
Sevilla FC,Francisco Leal,34,Goalkeeper,Retired,-,out,Spain;,0,Primera Division,1999,1999/2000
